,Counter
applied mathematics,43
"15a24, 15a18, 65f15, 65f30, 93b52",1
15a24,1
computational mathematics,8
65f30,1
15a18,1
65f15,4
article,17
mathematics - numerical analysis,12
inclusive,67
corr,54
p pb --> charged x,13
physics::instrumentation and detectors,63
5020.0,13
nuclear experiment,96
p pb --&gt; charged x,13
[ math.math-pr ] mathematics [math]/probability [math.pr],1
"60f17, 60g51, 60g52, 60g55, 60g70",1
[math.math-pr]mathematics [math]/probability [math.pr],3
"statistics, probability and uncertainty",10
mathematics - probability,43
statistics and probability,19
analysis,33
high energy physics - phenomenology,32
physics and astronomy (miscellaneous),23
p p --> w- x,1
p p --> topbar x,1
w production,1
high energy physics::phenomenology,27
electron production,3
8000.0,5
p p --&gt; w- x,1
p p --&gt; w+ x,1
helicity,1
top,3
p p --&gt; topbar x,1
p p --&gt; top x,2
proton-proton scattering,15
p p --> top x,2
p p --> w+ x,1
high energy physics::experiment,41
bepress|life sciences|biology,4
bepress|life sciences|genetics and genomics|genomics,1
mathematical physics,26
physics,71
high energy physics - theory,22
qc1-999,19
nuclear and high energy physics,58
mathematics - number theory,35
mathematics - representation theory,41
computer science - systems and control,1
computing,3
general engineering,5
computer science - artificial intelligence,1
computer science applications,3
artificial intelligence,3
computer science - databases,1
mathematics::probability,14
modelling and simulation,3
synonymy,1
metaphor,1
philology. linguistics,2
p1-1091,2
metonymy,1
metonymic chain,1
cultural model,1
"60j50, 31c40, 31c35, 60j45, 60j75",1
mathematics::classical analysis and odes,5
mathematicsofcomputing_numericalanalysis,2
discrete mathematics and combinatorics,16
computingmethodologies_symbolicandalgebraicmanipulation,2
mathematics - statistics theory,2
"60j60 (primary), 62f12, 62m05 (secondary)",1
mathematics::representation theory,29
high energy physics::theory,2
mathematics::quantum algebra,10
"17b69, 17b68",1
mathematics - quantum algebra,28
space and planetary science,17
astrophysics - solar and stellar astrophysics,17
astrophysics::galaxy astrophysics,3
astronomy and astrophysics,17
astrophysics::earth and planetary astrophysics,7
astrophysics::solar and stellar astrophysics,10
chemistry,28
animal structures,2
crystal system,9
crystallography,11
"4-{[1-(4-chlorophenyl)-1h-1,2,3-triazol-4-yl]methoxy}-6-phenyl-2-(trifluoromethyl)quinoline",1
space group,9
crystal structure,11
experimental 3d coordinates,9
cell parameters,9
chemistry(all),1
chemical engineering(all),1
fibres,1
polymer-matrix composites (pmcs),1
general chemical engineering,2
mechanical properties,4
mechanical testing,1
general chemistry,9
basic science,1
general medicine,19
/,3
mathematics - combinatorics,15
05b05,2
jel:o15,1
"schooling, growth, human capital, growth models, knowledge economy",1
jel:e24,1
jel:j24,1
jel:o40,1
molecular biology,37
hypoxia,1
[sdv.mhep.csc]life sciences [q-bio]/human health and pathology/cardiology and cardiovascular system,1
endothelial cells,1
tumor markers,1
tumor marker,1
angiogenesis,1
endothelial cell,1
[ sdv.can ] life sciences [q-bio]/cancer,1
[ sdv.mhep.csc ] life sciences [q-bio]/human health and pathology/cardiology and cardiovascular system,1
"[ sdv.bbm.gtp ] life sciences [q-bio]/biochemistry, molecular biology/genomics [q-bio.gn]",1
[ sdv.mhep.hem ] life sciences [q-bio]/human health and pathology/hematology,1
genetics,43
cell biology,18
[sdv.can]life sciences [q-bio]/cancer,1
"[sdv.bbm.gtp]life sciences [q-bio]/biochemistry, molecular biology/genomics [q-bio.gn]",1
[sdv.mhep.hem]life sciences [q-bio]/human health and pathology/hematology,1
biochemistry,23
structural biology,1
biophysics,2
gene expression,3
"primary (17b67), secondary (17b69), 05a19",1
mathematics - classical analysis and odes,7
general mathematics,31
"42a38, 34l25",1
recurrence,1
maintenance therapy,1
magnetic resonance spectroscopy,1
original research,9
antidepressants,1
psychiatry,1
depression,1
psychiatry and mental health,1
[phys.nexp]physics [physics]/nuclear experiment [nucl-ex],14
drell-yan process,2
dimension: 3,1
parton: distribution function,4
deeply virtual compton scattering,1
nuclear physics,4
general physics and astronomy,18
compton scattering,1
13.40.-f,1
hadron,1
luminosity: high,1
[phys.hphe]physics [physics]/high energy physics - phenomenology [hep-ph],3
meson: production,1
star,1
13.60.le,1
nucleus,2
imaging,1
transverse momentum: momentum spectrum,2
structure,4
nucleon,1
dilepton: production,1
nuclear theory,21
* automatic keywords *,1
acceptance,1
generalized parton distribution,1
13.60.fz,1
estimation,1
regression tree,1
mining engineering. metallurgy,1
qe1-996.5,1
random forest,1
uniaxial compressive strength,1
schmidt rebound hardness,1
geology,3
carbonates,1
p-wave velocity,1
tn1-997,1
point load strength index,1
general relativity and quantum cosmology,11
24,1
cellular and molecular biology,1
research article,16
branching process,1
organ growth,1
stochastic,1
model,6
lens,1
inorganic chemistry,6
59999 environmental sciences not elsewhere classified,6
developmental biology,12
microbiology,15
physiology,15
marine biology,4
ecology,13
hematology,7
cancer,16
immunology,16
2760.0,43
pb pb --&gt; charged x,42
pb pb --> charged x,42
"technology, industry, and agriculture",2
electroless chemical etching; surface enhanced raman spectroscopy; silicon nanowires; rhodamine,1
"35s15, 47g20, 60f17, 60j75",1
regular article - experimental physics,7
[phys.hexp]physics [physics]/high energy physics - experiment [hep-ex],38
rapidity [jet],2
cross section: measured,1
qcd,4
3-jet mass; alpha-s; cms; jets; pdf; physics; qcd; strong coupling constant; physics and astronomy (miscellaneous); engineering (miscellaneous),1
jet: multiplicity,2
p: distribution function,1
p p --&gt; 3jet anything,1
7000 gev-cms,6
high energy physics - experiment,45
ddc:530,34
p p: colliding beams,16
transverse momentum [jet],4
perturbation theory [quantum chromodynamics],5
alpha-s,1
[ phys.hexp ] physics [physics]/high energy physics - experiment [hep-ex],33
root-s=7 tev,1
distribution function [parton],4
astrophysics::high energy astrophysical phenomena,14
parton distributions,3
jet fragmentation,1
scattering,3
p p --> 3jet anything,1
(3jet) [mass spectrum],1
sensitivity,2
differential cross section,3
measured [cross section],3
multiplicity [jet],4
scattering [p p],34
particle physics - experiment,34
mass dependence,3
engineering (miscellaneous),16
cms,34
jet: hadroproduction,2
jets,5
530,17
physique des particules élémentaires,35
strong coupling constant,1
mass spectrum: (3jet),1
3-jet mass,1
jet: transverse momentum,2
alpha(s),1
quantum chromodynamics: perturbation theory,2
cern lhc coll,31
strong interaction: coupling constant,1
strong coupling,2
1 [higher-order],2
lhc,11
distribution function [p],2
jet: rapidity,1
pdf,1
colliding beams [p p],32
p p: scattering,16
hadroproduction [jet],3
higher-order: 1,1
coupling constant [strong interaction],2
w boson,1
compact muon solenoid,18
topcolor,1
mass [resonance],2
heavy [resonance],2
narrow resonance,3
randall-sundrum model,3
large hadron collider (lhc),19
(2top) [mass spectrum],1
excited state [gluon],1
8000 gev-cms,21
experimental results,33
pp collisions,2
upper limit [cross section],2
hierarchy,4
kaluza-klein excitations,1
multiplicity [lepton],1
pair production [top],7
z',2
standard model,2
kaluza-klein [excited state],1
cross-sections,1
lorentz,2
top production,1
solar wind high‐speed stream,1
solar and heliospheric physics,1
latitude,1
"solar physics, astrophysics, and astronomy",1
physics::space physics,7
solar wind sources,1
"monitoring, forecasting, prediction",1
area,1
forecasting,1
interplanetary physics,1
coronal holes,1
natural hazards,1
coronal hole,1
informatics,1
space weather,1
propagation,1
magnetospheric physics,1
research articles,2
solar wind plasma,1
geomagnetic storm,1
mathematics::metric geometry,1
52a40,1
convex combination,1
mathematics,5
simplex,1
the hermite-hadamard inequality,1
26b25,1
qa1-939,5
research,9
"35pxx, 35j10, 35b05, 35b60, 81q10,",1
mathematics::spectral theory,4
mathematics - spectral theory,7
mathematics - analysis of pdes,22
22e50,6
w': mass: lower limit,1
w′ decays,1
w' decays,1
background: low,1
leptonic decay [w'],1
mass: lower limit [w'],1
gauge boson: postulated particle,1
channel cross section: branching ratio: upper limit,2
search for [w'],1
kinematics,4
coupling [fermion],1
w': leptonic decay,1
w ' decays,1
w': search for,1
fermion: coupling,1
cms; physics; w'decays; nuclear and high energy physics,1
física,23
branching ratio: upper limit [channel cross section],2
postulated particle [gauge boson],1
low [background],1
metals and alloys,1
"surfaces, coatings and films",2
catalysis,2
materials chemistry,2
"electronic, optical and magnetic materials",2
ceramics and composites,3
[chim.theo]chemical sciences/theoretical and/or physical chemistry,3
physical and theoretical chemistry,9
[ chim.theo ] chemical sciences/theoretical and/or physical chemistry,3
[phys.phys.phys-chem-ph]physics [physics]/physics [physics]/chemical physics [physics.chem-ph],2
[ phys.phys.phys-chem-ph ] physics [physics]/physics [physics]/chemical physics [physics.chem-ph],2
110309 infectious diseases,13
carbohydrates (lipids),2
39999 chemical sciences not elsewhere classified,6
digestive system diseases,2
nuclear physics - experiment,4
àrees temàtiques de la upc::energies::energia nuclear,3
cross section,7
neutron,3
tof,1
neutrons,3
:energies::energia nuclear [àrees temàtiques de la upc],3
22e47,1
elliptic curve,1
mwrank,1
torsion,1
11g05,2
generators,1
rank,1
14h52,1
mathematics - algebraic geometry,4
specialization homomorphism,1
"11d09, 11j68",2
60f05,3
central limit theorem,1
[math.math-st]mathematics [math]/statistics [math.st],2
stable random variables 2010 msc: 91b30,1
poisson cluster processes,1
limit theorems,1
total claim amount,1
60g55,3
stable random variables,1
hawkes process,1
ressonância magnética nuclear,1
condensed matter::quantum gases,1
[phys.cond.cm-sce]physics [physics]/condensed matter [cond-mat]/strongly correlated electrons [cond-mat.str-el],1
condensed matter - strongly correlated electrons,2
[ phys.cond.cm-sce ] physics [physics]/condensed matter [cond-mat]/strongly correlated electrons [cond-mat.str-el],1
física da matéria condensada,1
mudança de fase,1
d2sig/dpt/dyrap,4
psi,3
p p --> j/psi x,1
j/psi,3
7000.0,5
p p --&gt; j/psi x,1
muon production,6
double differential cross section,6
rapidity dependence,12
transverse momentum dependence,12
prompt,3
general social sciences,1
jel:e32,1
jel:c53,1
business and consumer surveys; economic sentiment indicator; nonlinear optimization with constraints; leading indicator,1
"business and consumer surveys, economic sentiment indicator, nonlinear optimization with constraints, leading indicator",1
jel:e37,1
jel:c61,1
"economics, econometrics and finance (miscellaneous)",3
1-pyren-1-ylthiourea,1
"60g10, 62m10, 37m10, 60j05",1
statistics::applications,1
mathematics - dynamical systems,7
internet penetration rate,1
jel:o57,1
"unemployment rate, gdp per capita in ppp, internet penetration rate, multivariate analysis, western balkan countries",1
gdp per capita in ppp,1
social sciences (general),3
h1-99,3
unemployment rate; gdp per capita in ppp; internet penetration rate; multivariate analysis; western balkan countries,1
jel:o12,1
jel:c51,1
multivariate analysis,1
unemployment rate,1
western balkan countries,1
"22e50, 11f70",1
algebra and number theory,12
single differential cross section,8
dsig/dm,3
single differential distribution,2
dn/dm,1
lubrication process,1
micropolar fluid,1
[ math.math-ap ] mathematics [math]/analysis of pdes [math.ap],2
[ math.math-na ] mathematics [math]/numerical analysis [math.na],1
rough boundary,1
asymptotic analysis,1
nonzero boundary conditions,1
numerical results,1
[math.math-na]mathematics [math]/numerical analysis [math.na],1
physics::fluid dynamics,10
[math.math-ap]mathematics [math]/analysis of pdes [math.ap],2
"11f12, 11f37",1
economic uncertainty,1
economic uncertainty; economic policy uncertainty index; var model with time-varying parameters,1
var model with time-varying parameters,1
hb71-74,7
economics as a science,7
economic policy uncertainty index,1
"primary 60j75, secondary 60j35",1
applied physical sciences,1
evolutionary selection,1
node strategy,1
multidisciplinary,7
physical sciences,3
social sciences,6
defection,1
payoff,1
cooperation,1
light nuclei,1
nuclear clustering,1
molecular states,1
[ phys.nexp ] physics [physics]/nuclear experiment [nucl-ex],10
physics - instrumentation and detectors,5
physics::accelerator physics,3
instrumentation,7
computational biology,11
amides,1
proteases,1
enzymes,2
general agricultural and biological sciences,6
enzyme structure,2
chemical compounds,1
protein structure,2
chemical elements,2
simulation and modeling,1
organic chemistry,11
proteins,3
macromolecular structure analysis,2
zinc,2
biology and life sciences,4
research and analysis methods,2
biochemical simulations,2
medicine,15
enzymology,2
q,10
r,6
solid state physics,2
condensed matter physics,9
science,10
"general biochemistry, genetics and molecular biology",8
organic compounds,1
elastic recoil detection analysis,1
grazing-incidence small-angle x-ray scattering,1
condensed matter::materials science,2
physics::plasma physics,1
research papers,1
ion tracks,1
gisaxs,1
atomic force microscopy,1
swift heavy ions,1
tio2,1
rutile,1
tp368-456,2
walnut oil; screw pressing; supercritical co2 extraction; oil quality; tocopherols; optimization,1
food processing and manufacture,2
exponentially convex function,1
stolarsky means,1
convex function,2
mean value theorems,1
"biochemistry, medical",3
r5-920,3
medicine (general),3
clinical biochemistry,2
article subject,3
nx440-632,3
godparent,1
godparenthood,1
sociology (general),4
hm401-1281,4
h,5
baptism,2
dubrovnik,2
history,5
history (general),3
marriage witnesses,2
social history and conditions. social problems. social reform,3
history of the arts,3
baptism; godparent; godparenthood; marriage; marriage witnesses; dubrovnik; 19th century,1
marriage,1
hn1-995,3
d1-2009,3
elliptic curves; torsion; rank,1
"primary 60c05, secondary 60g50",1
neuroscience,6
80699 information systems not elsewhere classified,6
111714 mental health,4
insulin detemir,1
"endocrinology, diabetes and metabolism",1
comt val108/158met polymorphism,1
internal medicine,1
type 2 diabetes mellitus,1
hemoglobin a1c (hba1c),1
dbh-1021c/t polymorphism,1
bmi,1
"05b20, 05b30, 05c50",2
geometry and topology,6
numerical analysis,4
60j45,3
feynman-kac transform,1
60j57,1
subordinator,1
boundary harnack principle,1
conditional gauge theorem,1
60g51,2
green functions,1
harmonic functions,1
harnack inequality,1
subordinate brownian motion,1
simulation,3
physics institute,6
z0 decays,1
tree approximation,1
spin correlations,2
p p: inclusive reaction,1
0 [higher-order],1
mass spectrum,1
showers [parton],2
inclusive reaction [p p],2
(4jet) [final state],1
fragmentation,2
final state: (3jet),1
(3jet) [final state],2
monte carlo [numerical calculations],4
physics and astronomy (miscellaneous); engineering (miscellaneous),6
final state: (4jet),1
event shape analysis,1
parton: showers,1
numerical calculations: monte carlo,3
spectrum: x-dependence,1
topological,1
530 physics,6
x-dependence [spectrum],1
higher-order: 0,1
electroweak interaction [scale],1
supersymmetry,5
scale: electroweak interaction,1
hadron-hadron scattering (experiments); supersymmetry; nuclear and high energy physics,1
statistical analysis: bayesian,1
mass: lower limit [gluino],2
search for [new physics],1
hadron-hadron scattering (experiments),2
mass: lower limit [chargino],1
minimal supersymmetric standard model,3
chargino: mass: lower limit,1
mass: lower limit [neutralino],1
supersymmetry: parameter space,1
neutralino: mass: lower limit,1
7000 gev-cms8000 gev-cms,4
squark: mass: lower limit,1
gluino: mass: lower limit,1
mass: lower limit [squark],1
parameter space [supersymmetry],1
new physics: search for,1
bayesian [statistical analysis],1
f500,1
f300,1
"waves, magnetohydrodynamic",1
"coronal mass ejections, low coronal signatures waves, magnetohydrodynamic waves, propagation waves, shock",1
"waves, propagation",1
"coronal mass ejections, low coronal signatures",1
"waves, shock",1
13000.0,1
z production,5
p p --&gt; z0 &lt; lepton+ lepton- &gt; z0 &lt; lepton+ lepton- &gt; x,1
p p --> z0 < lepton+ lepton- > z0 < lepton+ lepton- > x,1
p p --> z0 < lepton+ lepton- lepton+ lepton- > x,1
integrated cross section,4
sig/sig,2
sig,5
p p --&gt; z0 &lt; lepton+ lepton- lepton+ lepton- &gt; x,1
z pair production,1
bioaccumulation; bioindicator; cadmium; chromium; lead; sediment; skadar lake: trapa natans l,1
organic molecules in materials science,1
materials science,1
green chemistry,1
"43a70, 42c40",1
mathematics - functional analysis,7
molecular oncology,1
biology,11
drug discovery,3
porifera/sponge,1
review,6
evolution,3
cancer genes,1
biology (general),4
qh301-705.5,4
qp1-981,1
basic medical sciences,4
tff3 deficient mice,1
qd415-436,1
metabolism,1
fatty acids profile,1
oxidative stress,2
perforin,1
m157,1
proliferation,1
chemical and pharmacologic phenomena,1
bone-marrow chimera,1
nk cells,1
mouse cytomegalovirus,1
ly49h,1
mental health,3
virology,12
high energy physics::lattice,10
rc581-607,1
immunologic diseases. allergy,1
parasitology,1
croatia,3
hf5001-6182,2
business,2
s-curve,1
business cycle,1
trade dynamics,1
editorial,2
"60f17, 60g17, 60j75",1
17b69,1
60j35,1
mathematics::logic,2
p p --&gt; top topbar x,1
dsig/detarap,2
dsig/dyrap,4
dsig/dphi,1
dsig/dpt,4
p p --> top topbar x,1
vm1-989,2
naval architecture. shipbuilding. marine engineering,2
quadratic transfer function,1
drift force,1
potential flow; wave load; added resistance in waves; quadratic transfer function; drift force,1
potential flow,1
wave load,1
added resistance in waves,1
marine science,3
organotin compounds,1
degradation kinetics,1
pollution,2
environmental science,1
tributyltin,1
waste management and disposal,1
organic matter,1
[chim]chemical sciences,2
environmental engineering,2
isotopically enriched tracers,1
"health, toxicology and mutagenesis",1
[ chim ] chemical sciences,2
sediments,1
environmental chemistry,2
biotechnology,9
hemic and immune systems,3
"47a56, 47a10",1
mathematics::algebraic geometry,2
computingmilieux_miscellaneous,1
"11g05, 14h52",1
p p --&gt; psi(2s) x,2
p p --> psi(2s) x,2
mathematics - optimization and control,4
computer vision and pattern recognition,1
computer science - computer vision and pattern recognition,3
statistics - machine learning,1
software,3
signal processing,1
computingmethodologies_patternrecognition,1
computer science - learning,1
"60g70 (primary), 60f05, 60g55 (secondary)",1
genome editing,2
indels,2
genome organization,2
infectious diseases,9
m-f utr,2
non-canonical strains,2
prolonged genome,2
measles virus,2
mononucleotide repeats,2
"60j25, 60j75, 60g17",2
69999 biological sciences not elsewhere classified,18
evolutionary biology,9
60506 virology,11
"primary 35q30, secondary 35k05",1
"28a33, 60g57, 60g70",1
interdisciplinary natural sciences,3
analytic chemistry,3
theoretical computer science,2
computational theory and mathematics,1
"51a50 (primary) 51e30, 51e12, 05b25, 05c50, 05e30 (secondary)",1
"60j05, 60g52",1
systematic review,1
statistical,1
structure function [p],1
phase space,1
correction [electroweak interaction],1
mass [z0],1
momentum [p],1
final state [dijet],1
lhc physics,1
density [gluon],1
toolkit,1
"primary 17b67, secondary 17b69, 05a19",2
[phys.astr]physics [physics]/astrophysics [astro-ph],1
statistical and nonlinear physics,5
astrophysics - high energy astrophysical phenomena,5
astrophysics::cosmology and extragalactic astrophysics,2
"22e46, 11f12",1
intercalation,1
non-covalent interactions,1
vibrational circular dichroism,1
emission-based dichroism,1
circular dichroism,1
linear dichroism,1
nucleic acids recognition,1
groove binding,1
dsig/det,1
dsig/ddr,1
p p --> z0 x,3
p p --&gt; mu+ mu- gamma x,1
p p --> mu+ mu- gamma x,1
di-muon production,2
p p --> gamma* x,2
drell yan,3
p p --&gt; z0 x,3
p p --&gt; gamma* x,2
condensed matter - materials science,5
"60j25, 60j27, 60j75",1
multi-criteria decision-making,1
promethee method,1
engineering(all),3
supplier selection,1
mathematics::dynamical systems,5
electrochemistry,3
momentum spectrum [charged particle],1
yield [charged particle],1
momentum spectrum [transverse momentum],1
production [charged particle],1
beam [p],1
enhancement,1
saturation,1
nucleon nucleon,1
cern lab,4
p nucleus: scattering,1
rapidity,1
5020 gev-cms/nucleon,1
transverse momentum [charged particle],1
distributions,1
shadowing,1
p nucleon,1
effect [nuclear matter],1
parton,1
relativistic heavy-ion collisions,1
pb collisions,1
asymmetry [angular distribution],2
angular-correlations,1
nuclear matter: effect,1
charged particle: yield,1
dependence,1
charged particle: transverse momentum,1
side,1
long-range,1
angular distribution: asymmetry,2
scattering [p nucleus],1
lead,1
asymmetry [production],1
"16t20, 20g42",1
food and beverages,5
fungi,2
heterocyclic compounds,1
meningioma,1
beta-catenin,1
e-cadherin,1
otorhinolaryngologic diseases,1
meningioma genetics,1
cancer research,3
oncology,3
p53,1
neoplasms. tumors. oncology. including cancer and carcinogens,1
nervous system diseases,1
apc,1
rc254-282,1
wnt signalling,1
axin1,1
neoplasms,1
business model commonalities,1
creating and capturing value,1
"economic growth, development, planning",3
business model components,1
creative professional services,1
business model diversity,1
hd72-88,3
data resources and analyses,1
genòmica,1
fenotip,1
l-lactic acid,1
full papers,1
xylose,1
mundticin,1
enterococcus mundtii,1
neutrino mass,2
heavy leptons,1
dark matter,1
pedigree information,1
python 3 scripts,1
magellan 1.0 source code,1
moesm 1,1
inheritance,1
1. zip archive,1
combination,1
"65f15, 65g99",1
event recognition,1
activity detection,1
data filtering,1
internet of things,1
extension,2
fine-tuning problem,1
squark,2
mass: lower limit [sparticle],1
mass: lower limit [stop],1
neutrino,1
jet [shape analysis],1
pair production [gluino],1
stability,1
breaking,1
final state [lepton],1
models,1
bottom [jet],4
2 [dimension],2
background,3
parameter space [minimal supersymmetric standard model],2
boson,2
lifestyle risks,1
leptonic decay [z0],3
z0 --> muon+ muon-,1
transverse energy [photon],1
final-state interaction [radiation],1
mass spectrum [dimuon],4
collider,2
p p --> z0 photon anything,1
pythia,2
measured [differential cross section],4
pb pb --> z0 x,1
pb pb --&gt; z0 x,1
d2n/dpt/dyrap,1
dn/dyrap,1
double differential distribution,1
"60g50, 60j45, 60j10, 05c81, 35k08",1
"60g70, 60g60, 92d20",1
mathematics::history and overview,1
"37c05, 37c15, 06a99",1
"65f30, 15b99",1
"primary 17b67, secondary 05a19",1
z0 --&gt; 2quark,1
upper limit [channel cross section],2
higgs particle --&gt; tau+ tau-,1
tau: decay modes,1
boosted topology,1
decay modes [tau],1
channel cross section: upper limit,1
higgs particle --> tau+ tau-,1
higgs particle: leptonic decay,1
hadronic decay [z0],1
(dijet dilepton) [final state],1
tau leptons,1
resonance: massive,2
resonance production,1
z0 --> 2quark,1
boosted topology; cms; jets; physics; resonance production; tau leptons; nuclear and high energy physics,1
final state: (dijet dilepton),1
leptonic decay [higgs particle],3
massive [resonance],2
z0: hadronic decay,1
p p --> lepton+ lepton- x,2
p p --&gt; mu+ mu- x,1
p p --&gt; lepton+ lepton- x,2
p p --> e+ e- x,1
d2sig/dm/dyrap,1
p p --&gt; e+ e- x,1
p p --> mu+ mu- x,1
stents; one-dimensional model; curved rod model; mixed formulation; inf-sup condition,1
associated production [top],1
hadron-hadron scattering; higgs physics; supersymmetry; nuclear and high energy physics,2
higgs physics,3
hadronic decay [tau],1
branching ratio: upper limit [cross section],3
tau-lepton,1
decay,1
program,2
rare decay [top],1
charged particle [higgs particle],2
benchmark [minimal supersymmetric standard model],1
top --> higgs particle bottom,1
hadron-hadron scattering,9
branching ratio [top],1
((n)jet lepton) [final state],7
p p --> 2top anything,2
parameters,1
higgs boson,3
hadroproduction [higgs particle],5
p p --> higgs particle top anything,1
higgs particle --> tau neutrino/tau,1
particle,1
((n)jet tau) [final state],1
((n)jet dilepton) [final state],2
final state [tau],1
cross-section,2
final-states,1
mass: lower limit [higgs particle],1
mass,2
pair production [photon],1
tev,1
cms detector,2
transverse momentum [photon],1
cern,3
atlas detector,3
two-photon [final state],1
rapidity [photon],1
symmetries,2
radiative decay [higgs particle],1
engineering (miscellaneous); physics and astronomy (miscellaneous),2
computer science - social and information networks,1
physics - physics and society,1
control and systems engineering,2
control and optimization,1
"93b05, 93b07, 93c20, 93d09",1
genetics(clinical),5
copy number aberrations,1
pilocytic astrocytoma,1
molecular medicine,3
case report,1
acgh analysis,1
computer science - numerical analysis,2
b physics,1
bcvegpy,1
generator,1
c meson,1
branching fraction,1
b physics; branching fraction; hadron-hadron scattering; nuclear and high energy physics,1
"35q93, 35r15, 35k05, 93c20, 93b05",2
"0%b05, 94b05",1
"primary: 26a33, 33e20, 40h05, secondary: 11m41, 33c10",1
computer science::discrete mathematics,1
"11d59, 11d57",2
computer science::formal languages and automata theory,1
"11g05, 11r11, 14h52",1
5.02,1
2.76,1
mathematics::number theory,8
"11f11, 11f23",2
bepress|life sciences|bioinformatics,2
cytology,1
ageing,1
qh573-671,1
law,2
k,2
"11d09, 11d45",1
physics - space physics,1
physics::geophysics,1
"11d09, 11r11",1
sequence motif analysis,1
sequence analysis,1
database and informatics methods,1
physical chemistry,1
hydrogen bonding,1
chemical bonding,1
bioinformatics,1
protein structure determination,1
qc793-793.5,1
equation of state,1
elementary particle physics,1
quark matter,2
phase transition,1
neutron star,1
jel:g32,1
jel:m10,1
"value creation, value capture, value in use, shareholder value, shared value",1
jel:l21,1
applied chemistry,1
respiratory system,1
pharmacology,2
pharmacy,1
public health,1
nobility,1
dubrovnik; 18th century; nobility; clan; baptism; godparents; social networks,1
18th century,1
godparents,1
clan,1
42b20,1
pmu data,1
general computer science,1
t,5
out-of-step condition detection,1
transmission network protection,1
technology,5
wampac system,1
"6-phenyl-4-[(1-phenyl-1h-1,2,3-triazol-4-yl)methoxy]-2-(trifluoromethyl)quinoline",1
free cash flow,1
self-organizing neural networks,1
oil and gas industry,1
oil and gas industry; business value components; free cash flow; self-organizing neural networks,1
business value components,1
full research paper,3
n-alkylation,1
imides,1
mechanochemistry,2
ball milling,1
qd241-441,3
<i>n</i>-alkylation,1
gabriel reaction,1
long-lived [particle],1
gluino: mass,1
cloud,1
calorimeter,1
particle: long-lived,1
r-hadron,1
lower limit [mass],3
gluino: lifetime,1
squark: production,1
crossing [beam],1
mass [gluino],1
mass: lower limit,3
lifetime [gluino],1
stop: lifetime,1
production [squark],1
lifetime [stop],1
beam: crossing,1
computer science::data structures and algorithms,1
"17b67 (primary), 17b69, 05a19(secondary)",1
dynamic anthropometry,1
measurement protocol,1
"textile bleaching, dyeing, printing, etc.",2
3d body scanning,1
tp890-933,2
physics::atomic physics,1
croatian adriatic coast,1
ecclesiastical provinces,1
geography (general),2
g1-922,2
catholic church,1
spatial organisation,1
"60j50, 31c40",2
qc120-168.85,2
62.20.-x,1
81.05.bx,1
81.40np,1
engineering (general). civil engineering (general),4
x46cr13 steel,1
short-time creep,1
ta1-2040,4
62.20.hg,1
fatigue,2
electrical engineering. electronics. nuclear engineering,2
tk1-9971,2
general materials science,6
microscopy,2
62.20.me,1
qh201-278.5,2
descriptive and experimental mechanics,2
81.70.bt,1
ostrowski-type bounds,1
26a51,2
new green’s functions,1
26d20,1
popoviciu?s inequality,1
gr?ss upper bounds,1
montgomery identity,1
popoviciu’s inequality,1
grüss upper bounds,1
26d99,1
abel-gontscharoff interpolating polynomial,2
26d07,1
new green?s functions,1
26d15,2
((n)jet) [final state],1
vector boson: associated production,1
w',1
higgs particle: hadroproduction,1
"lhc, cms, beyond standard model, higgs physics, resonance production",1
resonance: mass,1
associated production [vector boson],1
particle and resonance production,2
final state: ((n)jet),1
resonance: heavy,1
cross section: upper limit,1
data analysis method,4
beyond standard model,6
s1-972,2
plant culture,2
sb1-1110,2
agriculture (general),2
control of heat equation,1
35q82,1
35r60,1
spectral inequality,1
35j10,1
81q15,1
35p15,1
81q10,1
random schroedinger operator,1
uncertainty relation,1
wegner estimate,1
product lifecycle management,1
didactic simulation games,1
product development,1
assembly line balancing,1
lifelong learning,1
[ sdv ] life sciences [q-bio],1
animal science and zoology,1
[sdv]life sciences [q-bio],1
"ecology, evolution, behavior and systematics",1
mult,1
pt,1
p p --&gt; charged x,1
p p --> charged x,1
metabolic syndrome,1
nutrition. foods and food supply,1
tx341-641,1
nuts,1
dyslipidemia,1
food science,1
hypertension,1
diabetes,1
obesity,1
food intake,1
"msc: 37c05, 34c07, 30b10, 30b12, 39a06, 34e05, 37c10, 37c15",1
"37c05, 34c07, 30b10, 30b12, 39a06, 34e05, 37c10, 37c15",1
[math.math-ds]mathematics [math]/dynamical systems [math.ds],1
mathematics::complex variables,2
embedding in a flow,1
dulac germ,1
fatou coordinate,1
transseries,1
asymptotic expansion,1
electromechanical characterization,1
physics and astronomy(all),1
piezoceramic elements,1
tracking the resonance frequency of the nonlinear oscillator ;,1
assembled low-frequency horn transducer,1
nonlinear coupled electro-mechanical-acoustical oscillator,1
1-(1-anthryl)thiourea,1
"35q35, 47a67 (primary), 35q30, 47a12 (secondary)",1
public hospitals,1
cost accounting,1
cost accounting; full costing method; public hospitals; italy; croatia,1
full costing method,1
italy,1
computational  biology,8
"human genetics, genomics and proteomics",1
"e2, 17-β estradiol",1
nrf-2,1
dpp iii,1
sirt-1,1
mice,1
"ppar-γ, peroxisome proliferator-activated receptor gamma",1
ppar-?,1
"are, antioxidant response element",1
"dpp iii, dipeptidyl peptidase iii",1
ho-1,1
research paper,1
estradiol,1
ppar-γ,1
"ppar-?, peroxisome proliferator-activated receptor gamma",1
hyperoxia,1
"ho-1, heme oxygenase 1",1
"sirt-1, sirtuin 1",1
biochemistry and molecular biology,1
"nrf-2, nf-e2-related factor 2 keap-1, kelch-like ech-associated protein 1",1
"e2, 17-? estradiol",1
monte carlo event generators,1
parton: multiple scattering,1
multiple scattering [parton],1
herwig,1
cdf,1
quantum chromodynamics (qcd),2
underlying event,2
computer science - mathematical software,1
"65f05, 65y05, 93a15, 93b40, 93c05, 93c80",1
"35l65, 65m25",1
downturn economy,1
growth prediction,1
growth prediction; smes; logistic regression; downturn economy,1
logistic regression,1
smes,1
electrical and electronic engineering,4
20mncr5 steel,1
x10cralsi25 steel,1
charpy impact energy,1
creep resistance,1
sociology,2
19999 mathematical sciences not elsewhere classified,4
"catena-[tetrakis(mu-oxalato)-bis(2,2'-bipyridine)-aqua-di-chromium-strontium pentahydrate]",1
aquaculture. fisheries. angling,1
water science and technology,1
amphipods,1
sh1-691,1
diatoms,1
karstic spring,1
"management, monitoring, policy and law",1
microbial mat,1
cyanobacteria,1
aquatic science,1
nature and landscape conservation,1
ta1501-1820,1
applied optics. photonics,1
[phys.nucl]physics [physics]/nuclear theory [nucl-th],2
computer science::digital libraries,1
bosnia and herzegovina,1
parish of ravno,1
popovo,1
"60f17, 60g52, 60g70",1
global and planetary change,1
non-archimedean local fields; division algebras; general linear groups; speh representations; parabolically induced representations; reducibility; unitarizability,1
immunology and allergy,1
mechanical engineering,3
building and construction,1
h200,3
h300,3
h400,1
civil and structural engineering,5
geochemistry and petrology,1
reform,1
internal reporting; higher education institutions; reform; management; obstacles,1
higher education institutions,1
management,1
obstacles,1
internal reporting,1
jet: background,1
top: pair production,3
mass [higgs particle],3
broken symmetries,2
final state: ((n)jet lepton),4
associated production [higgs particle],1
higgs particle: associated production,1
collisions,1
massless particles,2
higgs particle: mass,1
nlo,1
final state: ((n)jet dilepton),1
background [jet],1
missing-energy [transverse energy],4
top --> higgs particle anti-bottom,1
(2jet) [mass spectrum],1
transverse energy: missing-energy,2
top: branching ratio: upper limit,1
leptonic decay [w],1
branching ratio: upper limit [top],1
top --> w bottom,1
w: leptonic decay,1
higgs particle: charged particle,1
higgs particle --> charm strangeness,1
mass spectrum: (2jet),1
decay [top],1
cms experiment,1
top --&gt; higgs particle anti-bottom,1
hadronic decay [higgs particle],2
higgs particle: hadronic decay,1
higgs particle --&gt; charm strangeness,1
top: decay,1
top --&gt; w bottom,1
"[phys.phys.phys-data-an]physics [physics]/physics [physics]/data analysis, statistics and probability [physics.data-an]",1
[info]computer science [cs],1
unfolding,1
cholesky decomposition,1
physics.data-an,1
other fields of physics,1
n_tof facility,1
physics - computational physics,2
physics.comp-ph,1
neutron time of flight,1
"physics - data analysis, statistics and probability",1
computing and computers,1
[ info ] computer science [cs],1
resolution function,1
"[ phys.phys.phys-data-an ] physics [physics]/physics [physics]/data analysis, statistics and probability [physics.data-an]",1
"35b27, 35j15, 35s05",1
"81q12, 81q15",1
hadroproduction [j/psi(3100)],1
length [decay],1
leptonic decay [psi mesons],1
p p --> j/psi(3100) anything,1
integrated luminosity,1
psi mesons --> muon+ muon-,1
double differential cross sections,1
ratio [differential cross section],2
invariant mass,1
two-dimensional analysis,1
hadroproduction [psi(3685)],1
heavy quarkonium,1
p p --> psi(3685) anything,1
decay length,1
melanism,1
biology (whole organism),1
gene introgression,1
major histocompatibility complex,1
197,1
interspecific hybridization,1
?-defensin cdb103,1
1001,1
β-defensin cdb103,1
70,1
60,1
canis,1
jel:f31,1
jel:c22,1
"exchange rate, yen, exports, international trade, japan, long-run relationships",1
yen,1
japan,1
exports,1
long-run relationships,1
jel:c13,1
jel:f32,1
[shs.eco]humanities and social sciences/economies and finances,1
jel:f39,1
economics and econometrics,1
exchange rate,1
international trade,1
"17b69, 17b67, 17b68",2
economic growth,1
united nations,1
fertility,1
j13,1
population,1
j18,1
l38,1
jel:q56,1
jel:j18,1
jel:l38,1
q56,1
"population, economic growth, united nations, fertility, policy",1
jel:j13,1
ddc:330,1
policy,1
"60j45, 60j50, 60j75",1
[spi.fluid]engineering sciences [physics]/reactive fluid environment,1
[math]mathematics [math],2
"general economics, econometrics and finance",2
ta<sub>2</sub>n<sub>3</sub> nanoparticles,1
tp1-1185,1
nanoscience,1
ta2n3 nanoparticles,1
nanocomposites,1
self-assembly,1
nanotechnology,1
multilayers,1
refractory plasmonics,1
chemical technology,1
collision,1
residual strength,1
double hull tanker structure,1
damaged ships,1
grounding,1
hull girder ultimate strength,1
"catena-[tetrakis(mu-oxalato)-bis(1,10-phenanthroline)-di-chromium-strontium monohydrate]",1
upper limit,1
phenomenology,1
hadron colliders,1
quantum [black hole],1
gravitation,2
coloron,1
mass spectrum: measured [dijet],1
search for [new particle],1
resonance,1
axigluon,1
excited state [quark],1
scalar [diquark],1
string model,1
mass dependence [channel cross section],1
graviton,1
11d25,1
bosons,1
hadronic decays,1
hadrons,1
tellurium compounds,1
energy dissipation,1
particle identification [bottom],1
fusion [vector boson],1
higgs particle --> bottom anti-bottom,1
"4-{[1-(4-iodophenyl)-1h-1,2,3-triazol-4-yl]methoxy}-6-phenyl-2-(trifluoromethyl)quinoline",1
àrees temàtiques de la upc::física,1
:física [àrees temàtiques de la upc],1
nuclear reactions,1
reaccions nuclears,1
red blood cells,1
diagnostic medicine,1
eukaryota,1
signs and symptoms,1
pathology and laboratory medicine,1
malaria,1
systemic inflammatory response syndrome,1
molecular development,1
white blood cells,1
immune response,1
inflammation,3
immune system,1
dogs,1
cytokines,2
animals,2
neutrophils,1
cellular types,1
immune physiology,1
blood cells,1
immune cells,1
animal cells,1
babesiosis,1
tropical diseases,1
innate immune system,1
vertebrates,2
amniotes,2
mammals,2
organisms,2
parasitic diseases,1
medicine and health sciences,2
sepsis,1
affine lie algebras; vertex operator algebras; principal subspaces; quasi-particle bases.,1
"34c20, 37c10, 39b12, 46a19, 28a75, 58k50, 26a12",1
extracellular matrix proteins,1
reproductive and urinary physiology,1
genome analysis,1
genomics,2
opossums,1
dna-binding proteins,1
pregnancy,1
marsupials,1
maternal health,1
protein domains,1
dna transcription,1
women's health,1
obstetrics and gynecology,1
transcriptome analysis,1
coupling,1
correlation,1
p p --&gt; higgs x,1
br/br,1
7000.0-8000.0,1
[ spi.fluid ] engineering sciences [physics]/reactive fluid environment,1
dnaqua-net,1
[phys.cond]physics [physics]/condensed matter [cond-mat],2
[ phys.cond ] physics [physics]/condensed matter [cond-mat],2
supersymmetry: symmetry breaking,1
long-lived: search for [charged particle],1
symmetry breaking [supersymmetry],1
charged particle: long-lived: search for,1
lifetime [chargino],1
chargino: lifetime,1
generalized parton distributions,1
vector mesons,1
hard exclusive electroproduction,1
rpa,1
p pb --&gt; b+ x,1
p pb --> b+ x,1
p pb --> b/s0 x,1
p pb --> b0 x,1
p pb --&gt; b/s0 x,1
p pb --&gt; b0 x,1
detectors and experimental techniques,3
computer science - other computer science,1
physics::optics,1
physics - classical physics,1
computer graphics and computer-aided design,1
jel:c12,1
complex sample survey design,1
jel:c42,1
chi-square tests of independence,1
jel:m21,1
statistical thinking; business survey; complex sample survey design; weighted stratified proportion estimator; chi-square tests of independence,1
business survey,1
"statistical thinking, business survey, complex sample survey design, weighted stratified proportion estimator, chi-square tests of independence",1
weighted stratified proportion estimator,1
statistical thinking,1
quantum chromodynamics,1
beyond standard model; hadron-hadron scattering; jets; photon production; qcd; nuclear and high energy physics,1
associated production [z0],1
associated production [photon],2
dependence [multiplicity],2
photon,1
photon production,1
extensions of higgs sector,1
collider phenomenology,1
leptoquark --> top tau,1
tau: pair production,1
leptoquark: hadroproduction,1
family: 3,1
leptoquark: pair production,1
3 [family],1
leptoquark: scalar,2
leptoquark --&gt; top tau,1
mass [leptoquark],1
pair production [leptoquark],1
forces,1
hadroproduction [leptoquark],1
decay [leptoquark],1
r parity: violation,1
association,1
beyond standard model; hadron-hadron scattering; nuclear and high energy physics,2
leptons,1
scalar [leptoquark],1
unity,1
leptoquark: mass,1
pair production [tau],1
leptoquark: decay,1
p p --&gt; 2leptoquark anything,1
p p --> 2leptoquark anything,1
pair,1
violation [r parity],1
jel:p47,1
"insolvency, business environment, resolving insolvency indicators",1
jel:g33,1
jel:p52,1
pyrrolocytosine,1
guanidiniocarbonyl-pyrrole,1
fluorimetric recognition,1
dna/rna binding,1
4-ethylenedioxythiophene),1
conductive polymers,1
"azo dye; conductive polymers; photocatalysis; poly(3,4-ethylenedioxythiophene); simulated solar irradiation; zinc oxide",1
zinc oxide,1
azo dye,1
tp155-156,1
simulated solar irradiation,1
process chemistry and technology,1
poly(3,1
photocatalysis,1
chemical engineering,1
green function,1
26a24,1
giaccardi’s inequality,1
converse jensen’s inequality,1
giaccardi?s inequality,1
jensen?s inequality,1
hermite-hadamard’s inequality,1
levinson’s inequality,1
jensen’s inequality,1
hermite-hadamard?s inequality,1
converse jensen?s inequality,1
mean-value theorems,1
levinson?s inequality,1
quantum physics,1
"11d09, 11a99",1
mechanics of materials,2
bioengineering,1
computer science::information retrieval,2
computer science::computation and language (computational linguistics and natural language and speech processing),1
computer science::general literature,1
astrophysics::instrumentation and methods for astrophysics,2
physics::chemical physics,1
"05d10, 11b30, 42b20",1
mediterranean,1
[ phys.phys.phys-ao-ph ] physics [physics]/physics [physics]/atmospheric and oceanic physics [physics.ao-ph],1
[sdu.stu.cl]sciences of the universe [physics]/earth sciences/climatology,1
precipitation extremes clausius,1
med-cordex,1
regional climate,1
ddc:550,1
atmospheric science,1
hymex,1
europe,1
clapeyron scaling,1
35q30,2
quantitative biology::subcellular processes,2
physics - biological physics,1
condensed matter - soft condensed matter,2
quantitative biology::cell behavior,2
condensed matter::strongly correlated electrons,2
condensed matter - superconductivity,1
toxicology,1
mathematics - symplectic geometry,1
mathematics::symplectic geometry,2
mathematics - differential geometry,4
mathematics::analysis of pdes,1
"35j15, 35b60, 35b45",1
computer science::cryptography and security,1
computer science::systems and control,1
branching ratio [b0],1
polarization: longitudinal,1
"lhc, cms, b0 decays",1
b0 --> k*(892) muon+ muon-,1
muon: asymmetry,1
asymmetry [muon],1
b0 decays,1
b0: branching ratio,1
dimuon: mass spectrum,1
b0 --&gt; k*(892) muon+ muon-,1
polarization [k*(892)],1
semileptonic decay [b0],1
k*(892): polarization,1
longitudinal [polarization],1
b0: semileptonic decay,1
"primary: 58j10, secondary: 53c28, 53a55",1
"05e30, 05e18",1
mathematics(all),2
in situ raman monitoring,1
electron spin resonance (esr) spectroscopy,1
quinoline,1
solid-state click chemistry,1
jet [charged particle],1
multiplicity [charged particle],1
charged particle: multiplicity,1
hadron-hadron scattering; particle correlations and fluctuations; nuclear and high energy physics,1
multiplicity: dependence,1
charged particle: jet,1
particle correlations and fluctuations,1
2760 gev-cms,1
"logistic regression, prediction, firm growth, financial ratios",1
applied mathematics. quantitative methods,2
t57-57.97,2
higgs particle: lifetime,1
higgs particle: coupling,1
lepton,1
width [higgs particle],1
z0 --> lepton+ lepton-,1
coupling [higgs particle],1
pair production [z0],1
20399 classical physics not elsewhere classified,1
lifetime [higgs particle],1
higgs particle: width,1
higgs particle --> 2z0,1
off-shell,1
electroweak interaction,1
anomaly [coupling],1
"05a18 (primary) 05b25, 51e20 (secondary)",1
computational mechanics,2
"17b69, 17b67",1
hadronization [bottom],1
rapidity [top],1
top: rapidity,1
"lhc, cms, top pair production",1
asymmetry [charge],1
bottom: hadronization,1
jet: bottom,1
charge: asymmetry,1
austenitic stainless steel,1
creep test,1
field theories in higher dimensions,1
gauge symmetry,1
classical theories of gravity,1
fields,1
global symmetries,1
60f17,2
pitman–yor distribution,1
"60f17, 60g55, 60g70, 60f05",1
invariance principle,1
renewal process,2
point process,2
60g70,3
dynkin–lamperti theorem,1
regular variation,1
qh426-470,1
signaling pathways,1
prognostic factor,1
myc,1
lymphoma,1
meta-analysis,3
b cell,1
06b15,1
p p --> jets,1
p p --&gt; jets,1
d2deltam3/dm3/dm3,1
d2sig/dm3/dymax,1
jet production,2
exclusive,4
alphas,1
correction,1
higher-dimensional [model],1
new physics,1
p p --> electron positron anything,1
add model,1
extra dimensions,1
pair production [electron],2
isoscalar,1
p p --> muon+ muon- anything,1
constructive,1
quantum gravity,1
mass spectrum [electron positron],1
contact interaction,2
pair production [muon],3
kaluza-klein [graviton],1
interference,1
search for [narrow resonance],1
mass spectrum [dilepton],1
qd1-999,1
chloroplasts,1
dual localization,1
trol,1
spectroscopy,2
thylakoids,1
protein import,1
atp,1
inner envelope membrane,1
parathyroid hormone,2
genome-wide association analysis,2
croatian enterprises,1
log-linear model,1
pearson’s chi-square test,1
business web survey,1
response rate,1
ha1-4737,1
questionnaire design,1
statistics,1
nervous system,1
sense organs,2
production [scalar particle],1
z0: leptonic decay,1
cross section: branching ratio: upper limit,1
beyond standard model; hadron-hadron scattering (experiments); nuclear and high energy physics,1
cms; electroweak; physics; nuclear and high energy physics,1
mass [narrow resonance],1
muon: pair production,1
photon: associated production,1
narrow resonance: mass,1
resonance: radiative decay,1
scalar particle: production,1
electron: pair production,1
radiative decay [resonance],1
8000 gev-cms13000 gev-cms,1
electroweak,1
"17b69, 17b67, 17b68, 81r10",2
viruses,2
transcriptome,1
virus diseases,1
hcv replicon,1
interferon,1
public events,1
ethnology. social and cultural anthropology,1
urban anthropology,1
zagreb,1
public spaces,1
gn301-674,1
city-making,1
computer science - neural and evolutionary computing,1
mathematics::functional analysis,1
static condensation pregledni rad ivica kožar,1
tea rukavina,1
adnan ibrahimbegović,1
finite element,1
shape function,1
[phys.meca.solid]physics [physics]/mechanics [physics]/mechanics of the solides [physics.class-ph],1
discontinuity analysis,1
bending analysis,1
children,1
testing,1
kicking combat sport,1
phosphagen pathway,1
metabolic demand,1
physiology (medical),1
analytical chemistry,2
"60j05, 60j25",1
mathematics (miscellaneous),1
geomicrobiology,1
microbiologie,1
secondary metabolism,1
mlsa phylogeny,1
life sciences,1
cryptic antibiotics,1
sciences du vivant,1
microbiology (medical),2
genome mining,1
"60j75, 60j25, 60g17",1
[info.info-sc]computer science [cs]/symbolic computation [cs.sc],1
[math.math-ca]mathematics [math]/classical analysis and odes [math.ca],1
[ math.math-ca ] mathematics [math]/classical analysis and odes [math.ca],1
[ info.info-sc ] computer science [cs]/symbolic computation [cs.sc],1
35d30,1
pharmacology (medical),1
dissociation [diffraction],1
exchange [pomeron],1
isr,1
gap [rapidity],1
dissociation [cross section],1
"cms, lhc",1
multiple [diffraction],1
energy dependence: measured [channel cross section],1
lhc data,1
hadronic [final state],1
transverse-momentum spectra,1
jensen inequality,1
sherman theorem,1
computer science::computational complexity,1
sherman inequality,1
ostrowski type inequality,1
computer science::numerical analysis,2
pair production [bottom],1
fusion [gluon gluon],1
(muon+ muon-) [mass spectrum],1
higgs,1
final state [dimuon],1
p p --> higgs particle anything,1
benchmark,1
higgs particle --> muon+ muon-,1
mssm,1
dimuons,1
p p --> higgs particle bottom anti-bottom anything,1
cms; dimuons; higgs; mssm; physics; nuclear and high energy physics,1
neutral particle [higgs particle],1
weak,1
pseudoscalar [mass],1
hdecay,1
metaplectic groups; non-archimedean local field; parabolic induction; principal series representations; irreducibility,1
width: difference [b/s0 anti-b/s0],1
b-physics,1
amplitude analysis,1
b-physics; cms; cp violation; physics; nuclear and high energy physics,1
violation [cp],1
hadronic decay [b/s0],1
j/psi(3100) --> muon+ muon-,1
time dependence,1
cp [asymmetry],1
cp violation,1
flavor,1
angular distribution,1
phi(1020) --> k+ k-,1
lifetime [b/s0],1
b/s0 --> j/psi(3100) phi(1020),1
pentraxin 3,1
fibroblast growth factor 2,1
bone healing,1
bone turnover,1
osteoblast,1
osteoclast,1
antioxidant capacity,1
microwave-assisted extraction,1
phenolic compounds,1
blackthorn (prunus spinosa l.) flowers,1
tp248.13-248.65,1
croatian adult spoken language corpus (hral),1
spontaneous speech corpora,1
language sampling,1
microbiomics,1
omics,1
proteomics,2
metabolomics,1
epigenomics,1
wnt signaling,1
glioblastoma,1
secreted frizzled-related protein 3,1
astrocytic brain tumors,1
articles,1
science policy,2
"35a01, 35d30, 35k65, 35q35, 76s05",1
semaphorins,1
chronic hepatitis c,1
liver sinusoidal endothelial cells,1
liver cirrhosis,1
barus law,1
biomedical engineering,1
asymptotic approximation,1
aerospace engineering,1
ocean engineering,1
curvilinear coordinates,1
helical pipe flow,1
pressure-dependent viscosity,1
syst,1
p p --&gt; t tbar chi chibar,1
8.0,1
p p --> t tbar chi chibar,1
n,2
grand unified theory,1
anomaly,1
coupling: yukawa,1
symmetry: su(5),1
beyond the standard model,1
interpretation of experiments: cern lhc coll,1
lepton: flavor: universality,1
eulerian triples; elliptic curves,1
"11d09, 11g05",1
endocrine system diseases,2
58j10,1
condensed matter::soft condensed matter,1
final state [dilepton],1
2 [higher-order],1
neural network model,1
grounded cognition,1
general psychology,2
hypothesis and theory,1
psychology,2
functional neurimaging,1
perceptual simulation,1
bf1-990,2
adaptive resonance theory,1
functional neuroimaging,1
perceptual simulations,1
tobacco whitefly,1
cultivar,1
grafting,1
spongy parenchyma,1
plant science,1
gaba,2
solanum lycopersicum,1
riemann problem,1
conservation laws,1
delta shocks,1
traveling waves,1
weak asymptotics,1
energy resolution,1
[phys.phys.phys-ins-det]physics [physics]/physics [physics]/instrumentation and detectors [physics.ins-det],2
track data analysis,1
multiple scattering,1
performance,1
610,1
ddc:610,2
22e45,1
mond-pečarić method,1
positive linear mapping,1
converse of jensen’s operator inequality,1
47a64,1
47a63,1
self-adjoint operator,1
47b15,1
46l05,1
physics::general physics,1
"primary 47a55, 47a62, secondary 47f05, 35m10",1
25.70.-z,1
24.10.lx,1
[ phys.nucl ] physics [physics]/nuclear theory [nucl-th],1
21.30.-x,1
n_tof,1
3106,1
reaction,1
swift heavy ion,1
pixe,1
rbs/c,1
atomic and molecular physics,1
erda,1
ion track,1
afm,1
biomedicine and healthcare,1
polycomb repressive complexes 1?4,1
ezh2,1
mutation,1
polycomb repressive complexes 1–4,1
history of medicine and the biomedical sciences,1
macromolecular substances,2
h3k27me3,1
"primary 37a30, secondary 42b15, 42b20",1
axial anomaly,1
analytic solution,1
ua(1) and chiral symmetry restoration,1
"11e70, 22e50",1
high energy physics - lattice,1
mathematics::general mathematics,1
"diaqua-(benzene-1,3,5-tricarboxylato)-(benzene-1,3,5-tricarboxylato)-copper(ii)",1
[ math.math-st ] mathematics [math]/statistics [math.st],1
neuroscience(all),1
general neuroscience,1
stomatognathic system,1
60f15,1
[math.math-nt]mathematics [math]/number theory [math.nt],1
completely uniformly distributed,1
weakly correlated,1
11-02,1
11k45,1
metric theory,1
$\infty$-distributed,1
equidistribution,1
weakly completely uniformly distributed,1
weyl criterion,1
"60, 11",1
65c10,1
completely equidistributed,1
dependent random variables,1
pseudo-random numbers,1
strong law of large numbers,1
60-01,1
mathematics::rings and algebras,1
sustainable development,1
multi-agent systems,1
self-sustainability; sustainable development; multi-agent systems; agent-based modelling,1
self-sustainability,1
jel:q29,1
"self-sustainability, sustainable development, multi-agent systems, agent-based modelling",1
agent-based modelling,1
jel:q20,1
bepress|life sciences|animal sciences|zoology,1
"primary 60j75, secondary 60g51, 60g52, 60f17",1
computer science - discrete mathematics,1
"05b30, 05b05",1
endocrine system,1
quantitative finance - statistical finance,1
virus–host interaction,1
activity probes,1
qr1-502,1
archaea,1
virus infection,1
caspase,1
serine hydrolase,1
s. solfataricus p2,1
differential gene expression,1
tyrosine phosphatase,1
ikaros,1
notch,1
parp1,1
jagged,1
b and t leukemia cell line,1
physics.ins-det,1
n_tof spallation neutron source,1
"7be(n,p)7 li reaction",1
cosmological lithium problem,1
7 be(n,1
p) 7li reaction,1
big bang nucleosynthesis,1
p) 7 li reaction,1
[ phys.phys.phys-ins-det ] physics [physics]/physics [physics]/instrumentation and detectors [physics.ins-det],1
ntof,1
7be(n,1
física nuclear,1
kakwani’s method,1
poverty threshold,1
sociology and political science,1
purchasing power parity,1
poverty line,1
astrophysics - instrumentation and methods for astrophysics,1
"22e35 (primary) 22e50, 11f70 (secondary)",1
category learning,1
dynamics,1
categorization,1
metacognition,1
confidence,1
interaction [scale],1
scalar [operator],1
dark matter [fermion],1
mass: low [dark matter],1
associated production [dark matter],1
dendritic morphology,1
huntington’s disease,1
cellular and molecular neuroscience,1
basal ganglia,1
projection neurons,1
anatomy,1
neuroscience (miscellaneous),1
huntington?s disease,1
backpropagating action potential,1
homeostatic plasticity,1
electrotonic analysis,1
voltage attenuation,1
compartmental modeling,1
morphological modeling,1
computer simulation,1
granule cell,1
11f37,1
p p --> lepton+ lepton- jet,1
p p --> z0 jets,1
p p --&gt; z0 jets,1
p p --&gt; lepton+ lepton- jet,1
dsig/dht,1
"4-{[1-(4-bromophenyl)-1h-1,2,3-triazol-4-yl]methoxy}-6-phenyl-2-(trifluoromethyl)quinoline",1
mechanical engineering and machinery,1
modeling,1
experiment,1
tj1-1570,1
structural steel,1
plasma jet cutting,1
surface roughness,1
continuous-time random walk,1
"60g70 (primary), 60f17, 60g55, 60f05 (secondary)",1
sojourn time,1
excursion,1
extreme value theory,1
short-orbit spectrometer,1
electroproduction experiments,1
low-energy pions,1
molecular epidemiology,1
sh,1
small hydrophobic gene,1
human respiratory syncytial virus,1
molecular evolution,1
virus variability,1
hvr2,1
"05b05, 20d06, 05e18, 05e30",1
fine arts,1
trogir,1
respiratory tract diseases,1
skin and connective tissue diseases,1
tower house,1
urban development,1
"primary: 58j10, secondary: 53a55, 53a45, 58j70",1
chemokine receptors,1
osteoclast progenitor cells,1
osteoclasts,1
synovial fluid,1
peripheral blood,1
chemokines,1
rheumatoid arthritis,1
bone loss,1
mass spectrometry,1
mumps virus,1
lipidome,1
vero cells,1
chicken embryo fibroblasts,1
proteome,1
carbon nanotube,1
waviness,1
vacancy defect,1
condensed matter::mesoscopic systems and quantum hall effect,1
chitosan,1
ftir,1
cotton fabric,1
thermal gravimetric analysis,1
fe-sem,1
electrokinetic potential,1
"15a69, 65f99",1
p p --&gt; gamma x,1
p p --> lepton+ lepton-x,1
(dsig/dpt)/(dsig/dpt),1
p p --> gamma x,1
dsig/d(pt/ht),1
dsig/dlog10(ptz/ptj),1
p p --&gt; lepton+ lepton-x,1
"17b67 (primary), 17b69, 05a19 (secondary)",2
